"","Data","Temperatura"
"1",2022-03-10 14:00:00,18
"2",2022-03-10 15:00:00,13
"3",2022-03-10 18:00:00,4
"4",2022-03-10 19:00:00,2
"5",2022-03-10 20:00:00,0
"6",2022-03-10 21:00:00,0
"7",2022-03-10 22:00:00,-1
"8",2022-03-10 23:00:00,0
"9",2022-03-11 00:00:00,0
"10",2022-03-11 01:00:00,0
"11",2022-03-11 03:00:00,1
"12",2022-03-11 05:00:00,0
"13",2022-03-11 06:00:00,1
"14",2022-03-11 07:00:00,10
"15",2022-03-11 08:00:00,14
"16",2022-03-11 09:00:00,12
"17",2022-03-11 11:00:00,13
"18",2022-03-11 14:00:00,12
"19",2022-03-11 16:00:00,8
"20",2022-03-11 18:00:00,2
"21",2022-03-12 08:00:00,9
"22",2022-03-12 10:00:00,8
"23",2022-03-12 11:00:00,15
"24",2022-03-12 12:00:00,11
"25",2022-03-12 14:00:00,13
"26",2022-03-12 15:00:00,11
"27",2022-03-12 18:00:00,4
"28",2022-03-12 19:00:00,1
"29",2022-03-13 07:00:00,0
"30",2022-03-13 08:00:00,9
"31",2022-03-13 09:00:00,15
"32",2022-03-13 10:00:00,15
"33",2022-03-13 11:00:00,17
"34",2022-03-13 12:00:00,17
"35",2022-03-13 13:00:00,14
"36",2022-03-13 14:00:00,13
"37",2022-03-13 17:00:00,9
"38",2022-03-13 20:00:00,0
"39",2022-03-13 21:00:00,0
"40",2022-03-14 08:00:00,9
"41",2022-03-14 09:00:00,16
"42",2022-03-14 10:00:00,17
"43",2022-03-14 11:00:00,19
"44",2022-03-14 12:00:00,20
"45",2022-03-14 21:00:00,2
"46",2022-03-14 22:00:00,1
"47",2022-03-14 23:00:00,0
"48",2022-03-15 00:00:00,0
"49",2022-03-15 04:00:00,-2
"50",2022-03-15 06:00:00,-3
"51",2022-03-15 07:00:00,5
"52",2022-03-15 09:00:00,15
"53",2022-03-15 10:00:00,17
"54",2022-03-15 11:00:00,18
"55",2022-03-15 12:00:00,18
"56",2022-03-15 13:00:00,17
"57",2022-03-15 14:00:00,16
"58",2022-03-15 15:00:00,15
"59",2022-03-15 18:00:00,8
"60",2022-03-15 20:00:00,4
"61",2022-03-15 22:00:00,3
"62",2022-03-15 23:00:00,2
"63",2022-03-16 00:00:00,1
"64",2022-03-16 01:00:00,1
"65",2022-03-16 02:00:00,1
"66",2022-03-16 04:00:00,0
"67",2022-03-16 07:00:00,3
"68",2022-03-16 09:00:00,20
"69",2022-03-16 10:00:00,20
"70",2022-03-16 11:00:00,25
"71",2022-03-16 12:00:00,26
"72",2022-03-16 13:00:00,20
"73",2022-03-16 14:00:00,18
"74",2022-03-16 15:00:00,17
"75",2022-03-16 16:00:00,16
"76",2022-03-17 16:00:00,12.4
"77",2022-03-17 17:00:00,13
"78",2022-03-17 18:00:00,10
"79",2022-03-17 19:00:00,7
"80",2022-03-17 20:00:00,6
"81",2022-03-17 21:00:00,5
"82",2022-03-17 23:00:00,4
"83",2022-03-18 02:00:00,4
"84",2022-03-18 06:00:00,3
"85",2022-03-18 07:00:00,6
"86",2022-03-18 08:00:00,9
"87",2022-03-18 09:00:00,11
"88",2022-03-18 10:00:00,13
"89",2022-03-18 11:00:00,15
"90",2022-03-18 12:00:00,14
"91",2022-03-18 13:00:00,16
"92",2022-03-18 14:00:00,13
"93",2022-03-18 15:00:00,11
"94",2022-03-18 16:00:00,10
"95",2022-03-18 17:00:00,9
"96",2022-03-18 18:00:00,7
"97",2022-03-18 19:00:00,6
"98",2022-03-18 20:00:00,5
"99",2022-03-18 21:00:00,4
"100",2022-03-18 22:00:00,4
"101",2022-03-18 23:00:00,3
"102",2022-03-19 00:00:00,6
"103",2022-03-19 01:00:00,3
"104",2022-03-19 02:00:00,3
"105",2022-03-19 03:00:00,1
"106",2022-03-19 04:00:00,1
"107",2022-03-19 05:00:00,1
"108",2022-03-19 06:00:00,2
"109",2022-03-19 07:00:00,6
"110",2022-03-19 08:00:00,13
"111",2022-03-19 09:00:00,15
"112",2022-03-19 10:00:00,14
"113",2022-03-19 11:00:00,12
"114",2022-03-19 12:00:00,15
"115",2022-03-19 13:00:00,15
"116",2022-03-19 14:00:00,16
"117",2022-03-19 15:00:00,15
"118",2022-03-19 16:00:00,13
"119",2022-03-19 17:00:00,11
"120",2022-03-19 19:00:00,8
"121",2022-03-19 20:00:00,6
"122",2022-03-19 21:00:00,3
"123",2022-03-19 22:00:00,1
"124",2022-03-19 23:00:00,0
"125",2022-03-20 00:00:00,0
"126",2022-03-20 01:00:00,0
"127",2022-03-20 02:00:00,0
"128",2022-03-20 03:00:00,0
"129",2022-03-20 04:00:00,0
"130",2022-03-20 05:00:00,-1
"131",2022-03-20 06:00:00,0
"132",2022-03-20 07:00:00,6
"133",2022-03-20 08:00:00,14
"134",2022-03-20 09:00:00,13
"135",2022-03-20 10:00:00,11
"136",2022-03-20 11:00:00,16
"137",2022-03-20 12:00:00,13
"138",2022-03-20 13:00:00,13
"139",2022-03-20 14:00:00,15
"140",2022-03-20 15:00:00,14
"141",2022-03-20 16:00:00,13
"142",2022-03-20 17:00:00,10
"143",2022-03-20 18:00:00,4
"144",2022-03-20 19:00:00,1
"145",2022-03-20 20:00:00,0
"146",2022-03-20 21:00:00,0
"147",2022-03-20 22:00:00,-1
"148",2022-03-20 23:00:00,-1
"149",2022-03-21 00:00:00,-2
"150",2022-03-21 01:00:00,-2
"151",2022-03-21 02:00:00,-2
"152",2022-03-21 03:00:00,-3
"153",2022-03-21 04:00:00,-2
"154",2022-03-21 05:00:00,-2
"155",2022-03-21 06:00:00,-1
"156",2022-03-21 07:00:00,5
"157",2022-03-21 08:00:00,13
"158",2022-03-21 09:00:00,15
"159",2022-03-21 10:00:00,18
"160",2022-03-21 11:00:00,19
"161",2022-03-21 12:00:00,19
"162",2022-03-21 13:00:00,16
"163",2022-03-21 14:00:00,16
"164",2022-03-21 15:00:00,15
"165",2022-03-21 16:00:00,13
"166",2022-03-21 17:00:00,10
"167",2022-03-21 19:00:00,2
"168",2022-03-21 20:00:00,0
"169",2022-03-21 21:00:00,0
"170",2022-03-21 22:00:00,0
"171",2022-03-21 23:00:00,-1
"172",2022-03-22 00:00:00,-1
"173",2022-03-22 01:00:00,-2
"174",2022-03-22 02:00:00,-2
"175",2022-03-22 03:00:00,-3
"176",2022-03-22 04:00:00,-2
"177",2022-03-22 05:00:00,-1
"178",2022-03-22 06:00:00,2
"179",2022-03-22 07:00:00,8
"180",2022-03-22 08:00:00,14
"181",2022-03-22 09:00:00,16
"182",2022-03-22 10:00:00,19
"183",2022-03-22 11:00:00,19
"184",2022-03-22 12:00:00,20
"185",2022-03-22 13:00:00,17
"186",2022-03-22 14:00:00,17
"187",2022-03-22 15:00:00,16
"188",2022-03-22 16:00:00,15
"189",2022-03-22 17:00:00,11
"190",2022-03-22 18:00:00,6
"191",2022-03-22 19:00:00,3
"192",2022-03-22 20:00:00,2
"193",2022-03-22 21:00:00,1
"194",2022-03-22 22:00:00,0
"195",2022-03-22 23:00:00,0
"196",2022-03-23 00:00:00,0
"197",2022-03-23 01:00:00,-1
"198",2022-03-23 02:00:00,-1
"199",2022-03-23 03:00:00,-1
"200",2022-03-23 04:00:00,-1
"201",2022-03-23 05:00:00,-3
"202",2022-03-23 06:00:00,3
"203",2022-03-23 07:00:00,13
"204",2022-03-23 08:00:00,17
"205",2022-03-23 10:00:00,20
"206",2022-03-23 14:00:00,18
"207",2022-03-23 15:00:00,22
"208",2022-03-23 16:00:00,20
"209",2022-03-23 17:00:00,19
"210",2022-03-25 17:00:00,21
"211",2022-03-25 18:00:00,8
"212",2022-03-25 19:00:00,6
"213",2022-03-25 20:00:00,5
"214",2022-03-25 21:00:00,4
"215",2022-03-25 22:00:00,4
"216",2022-03-25 23:00:00,2
"217",2022-03-26 00:00:00,2
"218",2022-03-26 01:00:00,1
"219",2022-03-26 02:00:00,2
"220",2022-03-26 03:00:00,2
"221",2022-03-26 04:00:00,0
"222",2022-03-26 05:00:00,1
"223",2022-03-26 06:00:00,9
"224",2022-03-26 07:00:00,17
"225",2022-03-26 08:00:00,21
"226",2022-03-26 09:00:00,24
"227",2022-03-26 10:00:00,27
"228",2022-03-26 11:00:00,25
"229",2022-03-26 12:00:00,24
"230",2022-03-26 13:00:00,24
"231",2022-03-26 14:00:00,22
"232",2022-03-26 15:00:00,22
"233",2022-03-26 16:00:00,20
"234",2022-03-26 17:00:00,11
"235",2022-03-26 18:00:00,7
"236",2022-03-26 19:00:00,5
"237",2022-03-26 21:00:00,4
"238",2022-03-26 22:00:00,3
"239",2022-03-26 23:00:00,2
"240",2022-03-27 00:00:00,1
"241",2022-03-27 01:00:00,1
"242",2022-03-27 03:00:00,0
"243",2022-03-27 05:00:00,0
"244",2022-03-27 06:00:00,0
"245",2022-03-27 07:00:00,-1
"246",2022-03-27 08:00:00,2
"247",2022-03-27 09:00:00,13
"248",2022-03-27 10:00:00,21
"249",2022-03-27 11:00:00,24
"250",2022-03-27 12:00:00,19
"251",2022-03-27 13:00:00,18
"252",2022-03-27 14:00:00,20
"253",2022-03-27 15:00:00,20
"254",2022-03-27 16:00:00,17
"255",2022-03-27 17:00:00,16
"256",2022-03-27 18:00:00,13
"257",2022-03-27 19:00:00,11
"258",2022-03-27 20:00:00,6
"259",2022-03-27 21:00:00,4
"260",2022-03-27 22:00:00,4
"261",2022-03-27 23:00:00,6
"262",2022-03-28 00:00:00,8
"263",2022-03-28 01:00:00,7
"264",2022-03-28 02:00:00,7
"265",2022-03-28 03:00:00,8
"266",2022-03-28 04:00:00,8
"267",2022-03-28 05:00:00,7
"268",2022-03-28 06:00:00,5
"269",2022-03-28 07:00:00,4
"270",2022-03-28 09:00:00,10
"271",2022-03-28 10:00:00,12
"272",2022-03-28 11:00:00,16
"273",2022-03-28 12:00:00,19
"274",2022-03-28 13:00:00,17
"275",2022-03-28 14:00:00,24
"276",2022-03-28 15:00:00,23
"277",2022-03-28 16:00:00,20
"278",2022-03-28 17:00:00,16
"279",2022-03-28 18:00:00,13
"280",2022-03-28 19:00:00,11
"281",2022-03-28 20:00:00,8
"282",2022-03-28 21:00:00,7
"283",2022-03-28 22:00:00,5
"284",2022-03-28 23:00:00,4
"285",2022-03-29 00:00:00,4
"286",2022-03-29 01:00:00,3
"287",2022-03-29 02:00:00,3
"288",2022-03-29 03:00:00,3
"289",2022-03-29 04:00:00,2
"290",2022-03-29 05:00:00,2
"291",2022-03-29 06:00:00,1
"292",2022-03-29 07:00:00,4
"293",2022-03-29 08:00:00,11
"294",2022-03-29 09:00:00,14
"295",2022-03-29 10:00:00,18
"296",2022-03-29 11:00:00,21
"297",2022-03-29 12:00:00,23
"298",2022-03-29 13:00:00,25
"299",2022-03-29 14:00:00,24
"300",2022-03-29 15:00:00,21
"301",2022-03-29 16:00:00,19.5
"302",2022-03-29 17:00:00,17
"303",2022-03-29 18:00:00,16
"304",2022-03-29 19:00:00,11
"305",2022-03-29 20:00:00,8
"306",2022-03-29 21:00:00,6
"307",2022-03-29 22:00:00,6
"308",2022-03-29 23:00:00,5
"309",2022-03-30 00:00:00,5
"310",2022-03-30 01:00:00,4
"311",2022-03-30 02:00:00,5
"312",2022-03-30 03:00:00,5
"313",2022-03-30 04:00:00,5
"314",2022-03-30 05:00:00,5
"315",2022-03-30 06:00:00,5
"316",2022-03-30 07:00:00,6
"317",2022-03-30 08:00:00,8
"318",2022-03-30 09:00:00,9
"319",2022-03-30 10:00:00,11
"320",2022-03-30 11:00:00,12
"321",2022-03-30 12:00:00,14
"322",2022-03-30 13:00:00,14
"323",2022-03-30 14:00:00,14
"324",2022-03-30 15:00:00,14
"325",2022-03-30 16:00:00,14
"326",2022-03-30 17:00:00,13
"327",2022-03-30 18:00:00,12
"328",2022-03-30 19:00:00,11
"329",2022-03-30 20:00:00,10
"330",2022-03-30 21:00:00,9
"331",2022-03-30 22:00:00,9
"332",2022-03-30 23:00:00,9
"333",2022-03-31 00:00:00,9
"334",2022-03-31 01:00:00,9
"335",2022-03-31 02:00:00,9
"336",2022-03-31 03:00:00,9
"337",2022-03-31 04:00:00,9
"338",2022-03-31 05:00:00,9
"339",2022-03-31 06:00:00,10
"340",2022-03-31 07:00:00,11
"341",2022-03-31 08:00:00,12
"342",2022-03-31 09:00:00,11
"343",2022-03-31 10:00:00,13
"344",2022-03-31 11:00:00,17
"345",2022-03-31 12:00:00,18
"346",2022-03-31 13:00:00,19
"347",2022-03-31 14:00:00,18
"348",2022-03-31 15:00:00,17
"349",2022-03-31 16:00:00,15
"350",2022-03-31 17:00:00,13
"351",2022-03-31 18:00:00,11
"352",2022-03-31 19:00:00,10
"353",2022-03-31 20:00:00,10
"354",2022-03-31 21:00:00,10
"355",2022-03-31 22:00:00,9
"356",2022-03-31 23:00:00,10
"357",2022-04-01 00:00:00,10
"358",2022-04-01 01:00:00,9
"359",2022-04-01 02:00:00,9
"360",2022-04-01 03:00:00,8
"361",2022-04-01 04:00:00,7
"362",2022-04-01 05:00:00,7
"363",2022-04-01 06:00:00,8
"364",2022-04-01 07:00:00,9
"365",2022-04-01 08:00:00,10
"366",2022-04-01 09:00:00,11
"367",2022-04-01 10:00:00,12.5
"368",2022-04-01 12:00:00,16
"369",2022-04-01 14:00:00,16
"370",2022-04-01 15:00:00,18
"371",2022-04-01 16:00:00,18
"372",2022-04-01 17:00:00,15
"373",2022-04-01 18:00:00,13
"374",2022-04-01 19:00:00,11
"375",2022-04-01 20:00:00,10
"376",2022-04-01 21:00:00,8
"377",2022-04-01 22:00:00,9
"378",2022-04-01 23:00:00,9
"379",2022-04-02 00:00:00,10
"380",2022-04-02 01:00:00,9
"381",2022-04-02 02:00:00,8
"382",2022-04-02 03:00:00,6
"383",2022-04-02 04:00:00,5
"384",2022-04-02 05:00:00,2
"385",2022-04-02 07:00:00,4
"386",2022-04-02 08:00:00,12
"387",2022-04-02 09:00:00,15
"388",2022-04-02 10:00:00,17
"389",2022-04-02 11:00:00,17
"390",2022-04-02 12:00:00,20
"391",2022-04-02 13:00:00,17
"392",2022-04-02 14:00:00,11
"393",2022-04-02 15:00:00,13
"394",2022-04-02 16:00:00,12
"395",2022-04-02 17:00:00,13
"396",2022-04-02 18:00:00,10
"397",2022-04-02 19:00:00,7
"398",2022-04-02 20:00:00,6
"399",2022-04-02 21:00:00,4
"400",2022-04-02 22:00:00,4
"401",2022-04-02 23:00:00,3
"402",2022-04-03 00:00:00,3
"403",2022-04-03 01:00:00,3
"404",2022-04-03 02:00:00,3
"405",2022-04-03 03:00:00,4
"406",2022-04-03 05:00:00,2
"407",2022-04-03 07:00:00,4
"408",2022-04-03 08:00:00,9
"409",2022-04-03 09:00:00,9
"410",2022-04-03 10:00:00,13
"411",2022-04-03 11:00:00,8
"412",2022-04-03 12:00:00,7
"413",2022-04-03 13:00:00,9
"414",2022-04-03 14:00:00,11
"415",2022-04-03 15:00:00,13
"416",2022-04-03 17:00:00,9
"417",2022-04-03 19:00:00,7
"418",2022-04-03 20:00:00,4
"419",2022-04-03 21:00:00,3
"420",2022-04-03 22:00:00,3
"421",2022-04-03 23:00:00,3
"422",2022-04-04 00:00:00,3
"423",2022-04-04 02:00:00,4
"424",2022-04-04 03:00:00,4
"425",2022-04-04 04:00:00,4
"426",2022-04-04 06:00:00,2
"427",2022-04-04 07:00:00,2
"428",2022-04-04 08:00:00,8
"429",2022-04-04 09:00:00,13
"430",2022-04-04 10:00:00,19
"431",2022-04-04 11:00:00,19
"432",2022-04-04 12:00:00,20
"433",2022-04-04 13:00:00,17
"434",2022-04-04 14:00:00,13
"435",2022-04-04 15:00:00,12
"436",2022-04-04 16:00:00,13
"437",2022-04-04 17:00:00,14
"438",2022-04-04 18:00:00,13
"439",2022-04-04 19:00:00,9
"440",2022-04-04 21:00:00,3
"441",2022-04-04 22:00:00,2
"442",2022-04-04 23:00:00,1
"443",2022-04-05 00:00:00,0
"444",2022-04-05 01:00:00,0
"445",2022-04-05 02:00:00,0
"446",2022-04-05 03:00:00,0
"447",2022-04-05 04:00:00,0
"448",2022-04-05 05:00:00,-1
"449",2022-04-05 06:00:00,-1
"450",2022-04-05 07:00:00,7
"451",2022-04-05 08:00:00,11
"452",2022-04-05 09:00:00,16
"453",2022-04-05 10:00:00,19
"454",2022-04-05 11:00:00,20
"455",2022-04-05 12:00:00,23
"456",2022-04-05 13:00:00,22
"457",2022-04-05 14:00:00,21
"458",2022-04-05 18:00:00,17.8181818181818
"459",2022-04-05 19:00:00,9.5
"460",2022-04-05 20:00:00,7
"461",2022-04-05 22:00:00,3
"462",2022-04-05 23:00:00,2
"463",2022-04-06 01:00:00,1
"464",2022-04-06 06:00:00,0
"465",2022-04-06 07:00:00,9
"466",2022-04-06 08:00:00,16
"467",2022-04-06 09:00:00,20
"468",2022-04-06 10:00:00,21
"469",2022-04-06 11:00:00,22
"470",2022-04-06 12:00:00,20
"471",2022-04-06 13:00:00,21
"472",2022-04-06 14:00:00,16.5
"473",2022-04-06 15:00:00,14
"474",2022-04-06 17:00:00,12
"475",2022-04-06 18:00:00,10
"476",2022-04-06 20:00:00,10
"477",2022-04-06 21:00:00,9
"478",2022-04-06 22:00:00,9
"479",2022-04-06 23:00:00,9
"480",2022-04-07 00:00:00,8
"481",2022-04-07 01:00:00,8
"482",2022-04-07 02:00:00,8
"483",2022-04-07 03:00:00,7
"484",2022-04-07 04:00:00,7
"485",2022-04-07 05:00:00,7
"486",2022-04-07 06:00:00,6
"487",2022-04-07 07:00:00,12
"488",2022-04-07 08:00:00,18
"489",2022-04-07 09:00:00,18
"490",2022-04-07 10:00:00,21
"491",2022-04-07 11:00:00,21
"492",2022-04-07 12:00:00,23
"493",2022-04-07 13:00:00,24
"494",2022-04-07 14:00:00,24
"495",2022-04-07 15:00:00,22.5
"496",2022-04-07 17:00:00,20
"497",2022-04-07 19:00:00,17
"498",2022-04-07 21:00:00,11
"499",2022-04-07 22:00:00,13
"500",2022-04-07 23:00:00,14
"501",2022-04-08 00:00:00,14
"502",2022-04-08 01:00:00,14
"503",2022-04-08 03:00:00,14
"504",2022-04-08 06:00:00,14
"505",2022-04-08 07:00:00,14
"506",2022-04-08 09:00:00,25
"507",2022-04-08 11:00:00,29
"508",2022-04-08 12:00:00,30
"509",2022-04-08 13:00:00,30
"510",2022-04-08 14:00:00,28.5
"511",2022-04-08 15:00:00,28
"512",2022-04-08 16:00:00,27
"513",2022-04-08 17:00:00,23
"514",2022-04-08 18:00:00,21
"515",2022-04-08 20:00:00,18
"516",2022-04-08 21:00:00,17
"517",2022-04-08 22:00:00,17
"518",2022-04-08 23:00:00,16
"519",2022-04-09 00:00:00,16
"520",2022-04-09 02:00:00,16
"521",2022-04-09 03:00:00,15.5
"522",2022-04-09 04:00:00,16
"523",2022-04-09 06:00:00,15
"524",2022-04-09 07:00:00,15
"525",2022-04-09 08:00:00,15
"526",2022-04-09 11:00:00,19
"527",2022-04-09 12:00:00,22
"528",2022-04-09 13:00:00,23
"529",2022-04-09 14:00:00,24
"530",2022-04-09 15:00:00,23
"531",2022-04-09 16:00:00,23
"532",2022-04-09 17:00:00,20
"533",2022-04-09 18:00:00,18
"534",2022-04-09 19:00:00,17
"535",2022-04-09 20:00:00,10
"536",2022-04-10 05:00:00,8.5
"537",2022-04-10 07:00:00,8
"538",2022-04-10 09:00:00,8
"539",2022-04-10 10:00:00,11
"540",2022-04-10 11:00:00,11
"541",2022-04-10 12:00:00,13
"542",2022-04-10 13:00:00,15
"543",2022-04-10 15:00:00,16
"544",2022-04-10 16:00:00,16.6666666666667
"545",2022-04-10 17:00:00,14.3333333333333
"546",2022-04-11 12:00:00,25
"547",2022-04-11 13:00:00,22
"548",2022-04-11 14:00:00,21.8571428571429
"549",2022-04-11 15:00:00,20.25
"550",2022-04-11 16:00:00,20.75
"551",2022-04-11 17:00:00,20.3333333333333
"552",2022-04-11 18:00:00,19.3333333333333
"553",2022-04-11 20:00:00,10
"554",2022-04-11 21:00:00,10
"555",2022-04-11 22:00:00,8
"556",2022-04-11 23:00:00,7
"557",2022-04-12 00:00:00,5
"558",2022-04-12 01:00:00,4
"559",2022-04-12 02:00:00,4
"560",2022-04-12 03:00:00,3
"561",2022-04-12 04:00:00,3
"562",2022-04-12 05:00:00,3
"563",2022-04-12 06:00:00,3
"564",2022-04-12 07:00:00,2
"565",2022-04-12 08:00:00,10
"566",2022-04-12 09:00:00,20
"567",2022-04-12 10:00:00,26
"568",2022-04-12 11:00:00,26
"569",2022-04-12 12:00:00,25
"570",2022-04-12 13:00:00,26
"571",2022-04-12 14:00:00,24
"572",2022-04-12 15:00:00,26
"573",2022-04-12 16:00:00,23
"574",2022-04-12 17:00:00,22
"575",2022-04-12 18:00:00,19
"576",2022-04-12 19:00:00,17
"577",2022-04-12 20:00:00,14
"578",2022-04-12 21:00:00,11
"579",2022-04-12 22:00:00,9
"580",2022-04-12 23:00:00,8
"581",2022-04-13 00:00:00,6
"582",2022-04-13 01:00:00,6
"583",2022-04-13 02:00:00,6
"584",2022-04-13 03:00:00,6
"585",2022-04-13 04:00:00,6
"586",2022-04-13 05:00:00,5
"587",2022-04-13 06:00:00,4
"588",2022-04-13 07:00:00,5
"589",2022-04-13 08:00:00,8
"590",2022-04-13 09:00:00,12
"591",2022-04-13 10:00:00,24
"592",2022-04-13 11:00:00,24
"593",2022-04-13 12:00:00,24
"594",2022-04-13 13:00:00,23
"595",2022-04-13 14:00:00,23
"596",2022-04-13 15:00:00,22
"597",2022-04-13 16:00:00,21
"598",2022-04-13 17:00:00,21
"599",2022-04-13 18:00:00,20
"600",2022-04-13 19:00:00,18
"601",2022-04-13 20:00:00,14
"602",2022-04-13 21:00:00,11
"603",2022-04-13 22:00:00,10
"604",2022-04-13 23:00:00,8
"605",2022-04-14 00:00:00,7
"606",2022-04-14 01:00:00,6
"607",2022-04-14 02:00:00,8
"608",2022-04-14 03:00:00,8
"609",2022-04-14 04:00:00,5
"610",2022-04-14 05:00:00,4
"611",2022-04-14 06:00:00,3
"612",2022-04-14 07:00:00,2
"613",2022-04-14 08:00:00,12
"614",2022-04-14 09:00:00,24
"615",2022-04-14 10:00:00,24
"616",2022-04-14 11:00:00,23.5
"617",2022-04-14 13:00:00,23
"618",2022-04-14 14:00:00,22
"619",2022-04-14 15:00:00,21
"620",2022-04-14 16:00:00,21
"621",2022-04-14 17:00:00,19
"622",2022-04-14 19:00:00,14
"623",2022-04-14 20:00:00,11
"624",2022-04-14 21:00:00,10
"625",2022-04-14 22:00:00,8
"626",2022-04-14 23:00:00,7
"627",2022-04-15 00:00:00,6
"628",2022-04-15 01:00:00,8
"629",2022-04-15 02:00:00,8
"630",2022-04-15 03:00:00,5
"631",2022-04-15 04:00:00,4
"632",2022-04-15 05:00:00,3
"633",2022-04-15 06:00:00,2
"634",2022-04-15 07:00:00,12
"635",2022-04-15 08:00:00,21
"636",2022-04-15 09:00:00,27
"637",2022-04-15 10:00:00,25.5
"638",2022-04-15 12:00:00,19
"639",2022-04-15 13:00:00,24
"640",2022-04-15 14:00:00,23
"641",2022-04-15 15:00:00,23
"642",2022-04-15 16:00:00,22
"643",2022-04-15 17:00:00,20
"644",2022-04-15 18:00:00,18
"645",2022-04-15 19:00:00,14
"646",2022-04-15 20:00:00,11
"647",2022-04-15 21:00:00,10
"648",2022-04-15 23:00:00,9
"649",2022-04-16 00:00:00,7
"650",2022-04-16 01:00:00,6
"651",2022-04-16 02:00:00,8
"652",2022-04-16 03:00:00,9
"653",2022-04-16 04:00:00,10
"654",2022-04-16 05:00:00,11
"655",2022-04-16 06:00:00,11
"656",2022-04-16 07:00:00,11
"657",2022-04-16 08:00:00,11
"658",2022-04-16 09:00:00,13
"659",2022-04-16 10:00:00,16
"660",2022-04-16 11:00:00,19
"661",2022-04-16 12:00:00,27
"662",2022-04-16 13:00:00,30
"663",2022-04-16 14:00:00,26.5
"664",2022-04-16 16:00:00,26
"665",2022-04-16 17:00:00,25
"666",2022-04-16 18:00:00,25
"667",2022-04-16 19:00:00,23
"668",2022-04-16 20:00:00,17
"669",2022-04-16 21:00:00,12
"670",2022-04-16 22:00:00,9
"671",2022-04-16 23:00:00,9
"672",2022-04-17 00:00:00,8
"673",2022-04-17 01:00:00,8
"674",2022-04-17 02:00:00,7
"675",2022-04-17 03:00:00,6
"676",2022-04-17 04:00:00,7
"677",2022-04-17 05:00:00,6
"678",2022-04-17 06:00:00,7
"679",2022-04-17 07:00:00,7
"680",2022-04-17 08:00:00,15
"681",2022-04-17 09:00:00,24
"682",2022-04-17 10:00:00,24
"683",2022-04-17 11:00:00,26
"684",2022-04-17 12:00:00,28
"685",2022-04-17 13:00:00,31
"686",2022-04-17 14:00:00,27
"687",2022-04-17 15:00:00,25
"688",2022-04-17 16:00:00,21
"689",2022-04-17 17:00:00,17
"690",2022-04-17 18:00:00,15
"691",2022-04-17 19:00:00,14
"692",2022-04-17 20:00:00,12
"693",2022-04-17 21:00:00,8
"694",2022-04-17 22:00:00,6
"695",2022-04-17 23:00:00,4
"696",2022-04-18 00:00:00,4
"697",2022-04-18 01:00:00,4
"698",2022-04-18 02:00:00,3
"699",2022-04-18 04:00:00,2
"700",2022-04-18 05:00:00,3
"701",2022-04-18 06:00:00,4
"702",2022-04-18 07:00:00,14
"703",2022-04-18 08:00:00,21
"704",2022-04-18 09:00:00,18
"705",2022-04-18 10:00:00,20
"706",2022-04-18 11:00:00,20
"707",2022-04-18 12:00:00,20
"708",2022-04-18 13:00:00,21
"709",2022-04-18 14:00:00,22
"710",2022-04-18 16:00:00,22
"711",2022-04-18 17:00:00,20
"712",2022-04-18 18:00:00,19
"713",2022-04-18 19:00:00,15
"714",2022-04-18 20:00:00,12
"715",2022-04-18 21:00:00,8
"716",2022-04-18 22:00:00,6
"717",2022-04-18 23:00:00,4
"718",2022-04-19 00:00:00,4
"719",2022-04-19 01:00:00,2
"720",2022-04-19 02:00:00,3
"721",2022-04-19 03:00:00,3
"722",2022-04-19 04:00:00,2
"723",2022-04-19 05:00:00,0
"724",2022-04-19 06:00:00,14
"725",2022-04-19 08:00:00,15
"726",2022-04-19 09:00:00,19
"727",2022-04-19 10:00:00,23
"728",2022-04-19 11:00:00,27
"729",2022-04-19 12:00:00,26
"730",2022-04-19 13:00:00,23
"731",2022-04-19 14:00:00,20
"732",2022-04-19 15:00:00,20.5
"733",2022-04-19 17:00:00,20
"734",2022-04-19 18:00:00,17
"735",2022-04-19 19:00:00,14
"736",2022-04-19 20:00:00,14
"737",2022-04-19 21:00:00,10
"738",2022-04-19 22:00:00,10.5
"739",2022-04-19 23:00:00,13
"740",2022-04-20 00:00:00,13
"741",2022-04-20 01:00:00,13
"742",2022-04-20 02:00:00,14
"743",2022-04-20 03:00:00,16
"744",2022-04-20 04:00:00,18
"745",2022-04-20 05:00:00,21
"746",2022-04-20 06:00:00,24
"747",2022-04-20 07:00:00,20
"748",2022-04-20 08:00:00,19
"749",2022-04-20 09:00:00,18
"750",2022-04-20 10:00:00,16
"751",2022-04-20 11:00:00,14
"752",2022-04-20 12:00:00,12
"753",2022-04-20 13:00:00,12
"754",2022-04-20 14:00:00,11
"755",2022-04-20 15:00:00,9
"756",2022-04-20 16:00:00,9
"757",2022-04-20 17:00:00,10
"758",2022-04-20 18:00:00,11
"759",2022-04-20 19:00:00,11
"760",2022-04-20 20:00:00,11
"761",2022-04-20 21:00:00,11
"762",2022-04-20 22:00:00,11
"763",2022-04-20 23:00:00,11
"764",2022-04-21 00:00:00,11
"765",2022-04-21 01:00:00,12
"766",2022-04-21 02:00:00,12
"767",2022-04-21 03:00:00,13
"768",2022-04-21 04:00:00,14
"769",2022-04-21 05:00:00,14
"770",2022-04-21 06:00:00,14
"771",2022-04-21 07:00:00,17
"772",2022-04-21 08:00:00,15
"773",2022-04-21 09:00:00,15
"774",2022-04-21 10:00:00,15
"775",2022-04-21 11:00:00,15
"776",2022-04-21 15:00:00,14
"777",2022-04-21 16:00:00,14
"778",2022-04-21 17:00:00,14
"779",2022-04-21 18:00:00,14
"780",2022-04-21 19:00:00,14
"781",2022-04-21 20:00:00,14
"782",2022-04-21 21:00:00,14
"783",2022-04-23 05:00:00,24.6
"784",2022-04-23 06:00:00,25
"785",2022-04-23 07:00:00,24
"786",2022-04-23 08:00:00,22.5
"787",2022-04-23 10:00:00,21
"788",2022-04-24 02:00:00,28
"789",2022-04-24 03:00:00,28
"790",2022-04-24 04:00:00,27.875
"791",2022-04-24 05:00:00,24
"792",2022-04-24 06:00:00,22.75
"793",2022-04-24 07:00:00,23
"794",2022-04-24 23:00:00,22
"795",2022-04-25 00:00:00,22
"796",2022-04-25 01:00:00,26
"797",2022-04-25 02:00:00,29
"798",2022-04-25 03:00:00,25
"799",2022-04-25 04:00:00,24
"800",2022-04-25 05:00:00,24.3333333333333
"801",2022-04-25 06:00:00,24.2222222222222
"802",2022-04-25 07:00:00,26.5
"803",2022-04-25 08:00:00,22.2631578947368
"804",2022-04-25 09:00:00,19.1666666666667
"805",2022-04-25 10:00:00,18.8333333333333
"806",2022-04-25 11:00:00,17
"807",2022-04-26 00:00:00,31
"808",2022-04-26 02:00:00,31
"809",2022-04-26 03:00:00,31
"810",2022-04-26 04:00:00,24
"811",2022-04-26 05:00:00,24.25
"812",2022-04-26 06:00:00,24
"813",2022-04-26 07:00:00,26
"814",2022-04-26 08:00:00,23.7777777777778
"815",2022-04-26 09:00:00,21.7272727272727
"816",2022-04-26 10:00:00,20.4
"817",2022-04-27 02:00:00,29
"818",2022-04-27 03:00:00,29
"819",2022-04-27 04:00:00,24.1739130434783
"820",2022-04-27 05:00:00,25.9736842105263
"821",2022-04-27 06:00:00,25.7
"822",2022-04-27 07:00:00,25.1818181818182
"823",2022-04-27 08:00:00,26
"824",2022-04-27 09:00:00,24
"825",2022-04-27 10:00:00,24
"826",2022-04-28 02:00:00,27.6666666666667
"827",2022-04-28 03:00:00,28
"828",2022-04-28 04:00:00,26
"829",2022-04-28 05:00:00,25.7058823529412
"830",2022-04-28 06:00:00,25.8461538461538
"831",2022-04-28 07:00:00,25.8
"832",2022-04-28 08:00:00,26
"833",2022-04-28 09:00:00,23.8
"834",2022-04-28 10:00:00,24
"835",2022-04-29 02:00:00,29
"836",2022-04-29 03:00:00,28
"837",2022-04-29 04:00:00,28
"838",2022-04-29 05:00:00,27
"839",2022-04-29 06:00:00,27
"840",2022-04-29 07:00:00,28
"841",2022-04-29 08:00:00,26
"842",2022-04-29 09:00:00,23.3333333333333
"843",2022-04-29 10:00:00,21.0833333333333
"844",2022-04-30 02:00:00,30
"845",2022-04-30 03:00:00,29
"846",2022-04-30 04:00:00,30
"847",2022-04-30 05:00:00,30
"848",2022-04-30 06:00:00,30
"849",2022-04-30 07:00:00,27
"850",2022-04-30 08:00:00,27
"851",2022-04-30 09:00:00,27
"852",2022-04-30 10:00:00,24
"853",2022-05-01 01:00:00,21.4
"854",2022-05-01 02:00:00,24
"855",2022-05-01 06:00:00,17.75
"856",2022-05-01 23:00:00,18
"857",2022-05-02 00:00:00,19
"858",2022-05-02 04:00:00,25
"859",2022-05-02 05:00:00,28
"860",2022-05-02 06:00:00,27
"861",2022-05-02 23:00:00,17
"862",2022-05-03 00:00:00,17
"863",2022-05-03 01:00:00,25
"864",2022-05-04 09:00:00,21
"865",2022-05-05 00:00:00,14
"866",2022-05-06 05:00:00,17
"867",2022-05-06 09:00:00,16
"868",2022-05-06 11:00:00,15
"869",2022-05-06 12:00:00,15
"870",2022-05-08 23:00:00,16
"871",2022-05-09 00:00:00,16
"872",2022-05-09 10:00:00,25
"873",2022-05-10 00:00:00,25
"874",2022-05-10 01:00:00,25
"875",2022-05-10 05:00:00,26
"876",2022-05-10 09:00:00,29.75
"877",2022-05-10 10:00:00,29
"878",2022-05-10 11:00:00,29
"879",2022-05-11 06:00:00,34.375
"880",2022-05-11 07:00:00,34
"881",2022-05-11 08:00:00,35
"882",2022-05-11 09:00:00,33
"883",2022-05-11 10:00:00,32
"884",2022-05-11 11:00:00,25.2222222222222
"885",2022-05-12 02:00:00,37
"886",2022-05-12 03:00:00,37
"887",2022-05-12 04:00:00,38
"888",2022-05-12 05:00:00,39
"889",2022-05-12 06:00:00,39
"890",2022-05-12 07:00:00,36
"891",2022-05-12 08:00:00,34
"892",2022-05-12 09:00:00,32
"893",2022-05-12 10:00:00,30
"894",2022-05-12 11:00:00,26
"895",2022-05-13 00:00:00,21.5
"896",2022-05-13 01:00:00,25
"897",2022-05-13 02:00:00,32
"898",2022-05-13 03:00:00,36
"899",2022-05-13 04:00:00,35
"900",2022-05-13 05:00:00,38
"901",2022-05-13 06:00:00,38
"902",2022-05-13 07:00:00,34
"903",2022-05-13 08:00:00,34
"904",2022-05-13 09:00:00,34
"905",2022-05-13 10:00:00,33
"906",2022-05-15 00:00:00,21
"907",2022-05-15 01:00:00,21
"908",2022-05-17 02:00:00,35.5
"909",2022-05-17 03:00:00,35
"910",2022-05-17 04:00:00,36
"911",2022-05-17 05:00:00,36
"912",2022-05-17 06:00:00,37
"913",2022-05-17 07:00:00,37
"914",2022-05-17 08:00:00,35
"915",2022-05-17 09:00:00,33
"916",2022-05-17 10:00:00,35
"917",2022-05-17 11:00:00,34
"918",2022-05-18 00:00:00,26
"919",2022-05-18 01:00:00,26
"920",2022-05-18 02:00:00,26
"921",2022-05-18 03:00:00,25
"922",2022-05-18 04:00:00,24
"923",2022-05-18 05:00:00,29
"924",2022-05-18 06:00:00,30
"925",2022-05-18 07:00:00,33
"926",2022-05-18 08:00:00,32
"927",2022-05-18 09:00:00,30
"928",2022-05-18 10:00:00,30
"929",2022-05-18 11:00:00,28
"930",2022-05-18 12:00:00,24
"931",2022-05-18 13:00:00,18
"932",2022-05-18 14:00:00,14
"933",2022-05-18 15:00:00,13
"934",2022-05-18 16:00:00,13
"935",2022-05-18 17:00:00,12
"936",2022-05-20 02:00:00,36
"937",2022-05-20 03:00:00,36
"938",2022-05-20 04:00:00,36
"939",2022-05-20 05:00:00,36
"940",2022-05-20 06:00:00,37
"941",2022-05-20 07:00:00,34
"942",2022-05-20 08:00:00,35
"943",2022-05-20 09:00:00,33
"944",2022-05-20 10:00:00,33
"945",2022-05-20 11:00:00,31
"946",2022-05-21 02:00:00,38
"947",2022-05-21 03:00:00,38
"948",2022-05-21 04:00:00,37
"949",2022-05-21 05:00:00,37
"950",2022-05-21 06:00:00,40
"951",2022-05-21 07:00:00,39
"952",2022-05-21 08:00:00,36
"953",2022-05-21 09:00:00,37
"954",2022-05-21 10:00:00,34
"955",2022-05-21 11:00:00,32
"956",2022-05-22 02:00:00,36
"957",2022-05-22 03:00:00,36
"958",2022-05-22 04:00:00,38
"959",2022-05-22 05:00:00,39
"960",2022-05-22 06:00:00,38
"961",2022-05-22 07:00:00,37
"962",2022-05-22 08:00:00,37
"963",2022-05-22 09:00:00,36
"964",2022-05-22 10:00:00,35
"965",2022-05-23 02:00:00,40
"966",2022-05-23 03:00:00,40
"967",2022-05-23 04:00:00,40
"968",2022-05-23 05:00:00,41
"969",2022-05-23 06:00:00,36
"970",2022-05-23 07:00:00,36
"971",2022-05-23 08:00:00,37
"972",2022-05-23 09:00:00,34
"973",2022-05-23 10:00:00,33
"974",2022-05-23 11:00:00,31
"975",2022-05-24 02:00:00,35
"976",2022-05-24 03:00:00,35
"977",2022-05-24 04:00:00,32
"978",2022-05-24 05:00:00,34
"979",2022-05-24 06:00:00,36
"980",2022-05-24 07:00:00,35
"981",2022-05-24 08:00:00,32
"982",2022-05-24 09:00:00,33
"983",2022-05-24 10:00:00,33
"984",2022-05-24 11:00:00,30
"985",2022-05-25 00:00:00,27
"986",2022-05-25 02:00:00,36.8461538461538
"987",2022-05-25 03:00:00,37
"988",2022-05-25 04:00:00,37
"989",2022-05-25 05:00:00,36
"990",2022-05-25 06:00:00,36
"991",2022-05-25 07:00:00,35
"992",2022-05-25 08:00:00,34
"993",2022-05-25 09:00:00,37
"994",2022-05-25 10:00:00,36
"995",2022-05-25 11:00:00,35
"996",2022-05-25 23:00:00,24.5
"997",2022-05-26 01:00:00,30.2
"998",2022-05-26 02:00:00,27.6666666666667
"999",2022-05-26 03:00:00,28
"1000",2022-05-26 04:00:00,29
"1001",2022-05-26 05:00:00,34
"1002",2022-05-26 06:00:00,38
"1003",2022-05-26 07:00:00,35
"1004",2022-05-26 08:00:00,29.5
"1005",2022-05-26 09:00:00,28
"1006",2022-05-26 10:00:00,29
"1007",2022-05-27 01:00:00,33
"1008",2022-05-27 02:00:00,33
"1009",2022-05-27 03:00:00,33
"1010",2022-05-27 04:00:00,35
"1011",2022-05-27 05:00:00,38
"1012",2022-05-27 06:00:00,39
"1013",2022-05-27 07:00:00,35
"1014",2022-05-28 01:00:00,25.3333333333333
"1015",2022-05-28 02:00:00,25
"1016",2022-05-28 03:00:00,31
"1017",2022-05-28 04:00:00,38
"1018",2022-05-28 05:00:00,42
"1019",2022-05-28 06:00:00,39
"1020",2022-05-28 07:00:00,36
"1021",2022-05-28 08:00:00,35
"1022",2022-05-29 01:00:00,19
"1023",2022-05-29 03:00:00,19
"1024",2022-05-29 04:00:00,21
"1025",2022-05-29 05:00:00,21
"1026",2022-05-29 06:00:00,26
"1027",2022-05-29 07:00:00,26
"1028",2022-05-29 08:00:00,26
"1029",2022-05-30 00:00:00,22
"1030",2022-05-30 01:00:00,22
"1031",2022-05-30 02:00:00,29
"1032",2022-05-30 03:00:00,30
"1033",2022-05-30 04:00:00,27
"1034",2022-05-30 05:00:00,29
"1035",2022-05-30 06:00:00,27.5
"1036",2022-05-30 07:00:00,28
"1037",2022-05-30 08:00:00,27.125
"1038",2022-05-30 09:00:00,27
"1039",2022-05-31 00:00:00,28
"1040",2022-05-31 01:00:00,28
"1041",2022-05-31 02:00:00,30.5
"1042",2022-05-31 03:00:00,33
"1043",2022-05-31 04:00:00,32
"1044",2022-05-31 05:00:00,31
"1045",2022-05-31 06:00:00,33
"1046",2022-05-31 07:00:00,33
"1047",2022-05-31 08:00:00,33
"1048",2022-05-31 09:00:00,32
"1049",2022-05-31 10:00:00,31
"1050",2022-05-31 11:00:00,31
"1051",2022-06-01 02:00:00,38.9166666666667
"1052",2022-06-01 03:00:00,38
"1053",2022-06-01 04:00:00,39
"1054",2022-06-01 05:00:00,36
"1055",2022-06-01 06:00:00,35
"1056",2022-06-01 07:00:00,35
"1057",2022-06-01 08:00:00,34
"1058",2022-06-01 09:00:00,33
"1059",2022-06-01 10:00:00,32
"1060",2022-06-01 11:00:00,31
"1061",2022-06-02 02:00:00,40.3333333333333
"1062",2022-06-02 03:00:00,39
"1063",2022-06-02 04:00:00,36
"1064",2022-06-02 05:00:00,36
"1065",2022-06-02 06:00:00,36
"1066",2022-06-02 07:00:00,38
"1067",2022-06-02 08:00:00,37
"1068",2022-06-02 09:00:00,35
"1069",2022-06-02 10:00:00,36
"1070",2022-06-02 11:00:00,32
"1071",2022-06-03 02:00:00,41
"1072",2022-06-03 03:00:00,39
"1073",2022-06-03 04:00:00,38
"1074",2022-06-03 05:00:00,38
"1075",2022-06-03 06:00:00,39
"1076",2022-06-03 07:00:00,35
"1077",2022-06-03 08:00:00,34
"1078",2022-06-03 09:00:00,33.5
"1079",2022-06-04 02:00:00,36
"1080",2022-06-04 03:00:00,36
"1081",2022-06-04 04:00:00,38
"1082",2022-06-04 05:00:00,38
"1083",2022-06-04 06:00:00,39
"1084",2022-06-04 07:00:00,39
"1085",2022-06-04 08:00:00,37
"1086",2022-06-04 09:00:00,37
"1087",2022-06-04 10:00:00,35
"1088",2022-06-04 11:00:00,34
"1089",2022-06-04 23:00:00,31
"1090",2022-06-05 00:00:00,31
"1091",2022-06-05 01:00:00,31
"1092",2022-06-05 02:00:00,29
"1093",2022-06-05 03:00:00,32
"1094",2022-06-05 04:00:00,34
"1095",2022-06-05 06:00:00,33.5
"1096",2022-06-05 07:00:00,31.8333333333333
"1097",2022-06-05 09:00:00,31.5
"1098",2022-06-05 10:00:00,32
"1099",2022-06-06 02:00:00,38
"1100",2022-06-06 03:00:00,38
"1101",2022-06-06 04:00:00,35
"1102",2022-06-06 05:00:00,35
"1103",2022-06-06 06:00:00,34
"1104",2022-06-06 07:00:00,35
"1105",2022-06-06 08:00:00,35
"1106",2022-06-06 09:00:00,33
"1107",2022-06-06 10:00:00,32
"1108",2022-06-06 11:00:00,33
"1109",2022-06-06 14:00:00,18
"1110",2022-06-29 20:00:00,23.9375
"1111",2022-06-29 21:00:00,19.9
"1112",2022-06-29 22:00:00,18.2666666666667
"1113",2022-06-29 23:00:00,17.7857142857143
"1114",2022-06-30 00:00:00,16.6
"1115",2022-06-30 01:00:00,16
"1116",2022-06-30 02:00:00,16
"1117",2022-06-30 03:00:00,16
"1118",2022-06-30 04:00:00,15.3333333333333
"1119",2022-06-30 05:00:00,14.6666666666667
"1120",2022-06-30 06:00:00,17.2
"1121",2022-06-30 07:00:00,21
"1122",2022-06-30 08:00:00,26.3846153846154
"1123",2022-06-30 09:00:00,30.2
"1124",2022-06-30 10:00:00,30.2
"1125",2022-06-30 11:00:00,32
"1126",2022-06-30 12:00:00,33.4666666666667
"1127",2022-06-30 13:00:00,32.8666666666667
"1128",2022-06-30 14:00:00,32.4
"1129",2022-06-30 15:00:00,32
"1130",2022-06-30 16:00:00,30.5714285714286
"1131",2022-06-30 17:00:00,29.9333333333333
"1132",2022-06-30 18:00:00,28.1333333333333
"1133",2022-06-30 19:00:00,26.3333333333333
"1134",2022-06-30 20:00:00,23.6666666666667
"1135",2022-06-30 21:00:00,21.7333333333333
"1136",2022-06-30 22:00:00,19.8
"1137",2022-06-30 23:00:00,18.4
"1138",2022-07-01 00:00:00,18
"1139",2022-07-01 01:00:00,17.6
"1140",2022-07-01 02:00:00,16.2
"1141",2022-07-01 03:00:00,16
"1142",2022-07-01 04:00:00,16
"1143",2022-07-01 05:00:00,16
"1144",2022-07-01 06:00:00,17.9333333333333
"1145",2022-07-01 07:00:00,22.9333333333333
"1146",2022-07-01 08:00:00,26.8666666666667
"1147",2022-07-01 09:00:00,30.1666666666667
"1148",2022-07-01 10:00:00,31.6666666666667
"1149",2022-07-01 11:00:00,32.4
"1150",2022-07-01 12:00:00,32.4
"1151",2022-07-01 13:00:00,32.1333333333333
"1152",2022-07-01 14:00:00,30.8
"1153",2022-07-01 15:00:00,31.8
"1154",2022-07-01 16:00:00,31.8
"1155",2022-07-01 17:00:00,30.2
"1156",2022-07-01 18:00:00,28.4
"1157",2022-07-01 19:00:00,26.4
"1158",2022-07-01 20:00:00,23.6
"1159",2022-07-01 21:00:00,20.8
"1160",2022-07-01 22:00:00,20.1333333333333
"1161",2022-07-01 23:00:00,19.2
"1162",2022-07-02 00:00:00,18.8
"1163",2022-07-02 01:00:00,17.6
"1164",2022-07-02 02:00:00,16.6
"1165",2022-07-02 03:00:00,16.4666666666667
"1166",2022-07-02 04:00:00,17.3333333333333
"1167",2022-07-02 05:00:00,17.2857142857143
"1168",2022-07-02 06:00:00,20.5333333333333
"1169",2022-07-02 07:00:00,23.4
"1170",2022-07-02 08:00:00,25.1333333333333
"1171",2022-07-02 09:00:00,25.9333333333333
"1172",2022-07-02 10:00:00,26.0714285714286
"1173",2022-07-02 11:00:00,26.9333333333333
"1174",2022-07-02 12:00:00,27.9333333333333
"1175",2022-07-02 13:00:00,28.1428571428571
"1176",2022-07-02 14:00:00,27.9333333333333
"1177",2022-07-02 15:00:00,27.9333333333333
"1178",2022-07-02 16:00:00,28
"1179",2022-07-02 17:00:00,27.6666666666667
"1180",2022-07-02 18:00:00,26.6
"1181",2022-07-02 19:00:00,25.2
"1182",2022-07-02 20:00:00,23
"1183",2022-07-02 21:00:00,19.9333333333333
"1184",2022-07-02 22:00:00,18
"1185",2022-07-02 23:00:00,17.6
"1186",2022-07-03 00:00:00,16.8
"1187",2022-07-03 01:00:00,16
"1188",2022-07-03 02:00:00,16
"1189",2022-07-03 03:00:00,16
"1190",2022-07-03 04:00:00,16
"1191",2022-07-03 05:00:00,16
"1192",2022-07-03 06:00:00,17.3333333333333
"1193",2022-07-03 07:00:00,21.8
"1194",2022-07-03 08:00:00,26.6
"1195",2022-07-03 09:00:00,29.9333333333333
"1196",2022-07-03 10:00:00,29.4666666666667
"1197",2022-07-03 11:00:00,31.3333333333333
"1198",2022-07-03 12:00:00,31.8
"1199",2022-07-03 13:00:00,30.6
"1200",2022-07-03 14:00:00,31.4
"1201",2022-07-03 15:00:00,31.7333333333333
"1202",2022-07-03 16:00:00,30.4
"1203",2022-07-03 17:00:00,30
"1204",2022-07-03 18:00:00,29.2
"1205",2022-07-03 19:00:00,27.5333333333333
"1206",2022-07-03 20:00:00,24.4666666666667
"1207",2022-07-03 21:00:00,21
"1208",2022-07-03 22:00:00,18.6
"1209",2022-07-03 23:00:00,18.6666666666667
"1210",2022-07-04 00:00:00,18
"1211",2022-07-04 01:00:00,16.4
"1212",2022-07-04 02:00:00,16
"1213",2022-07-04 03:00:00,16
"1214",2022-07-04 04:00:00,16
"1215",2022-07-04 05:00:00,16
"1216",2022-07-04 06:00:00,17.7333333333333
"1217",2022-07-04 07:00:00,22.4
"1218",2022-07-04 08:00:00,26.8
"1219",2022-07-04 09:00:00,30.6666666666667
"1220",2022-07-04 10:00:00,31.2
"1221",2022-07-04 11:00:00,31
"1222",2022-07-04 12:00:00,32.3333333333333
"1223",2022-07-04 13:00:00,32
"1224",2022-07-04 14:00:00,31.6666666666667
"1225",2022-07-04 15:00:00,32
"1226",2022-07-04 16:00:00,32
"1227",2022-07-04 17:00:00,32.2
"1228",2022-07-04 18:00:00,30.4
"1229",2022-07-04 19:00:00,28.1333333333333
"1230",2022-07-04 20:00:00,25
"1231",2022-07-04 21:00:00,21.3333333333333
"1232",2022-07-04 22:00:00,20
"1233",2022-07-04 23:00:00,19.2666666666667
"1234",2022-07-05 00:00:00,20
"1235",2022-07-05 01:00:00,19
"1236",2022-07-05 02:00:00,18.2
"1237",2022-07-05 03:00:00,18
"1238",2022-07-05 04:00:00,17.0666666666667
"1239",2022-07-05 05:00:00,16.1333333333333
"1240",2022-07-05 06:00:00,18.3333333333333
"1241",2022-07-05 07:00:00,21.8
"1242",2022-07-05 08:00:00,25.0666666666667
"1243",2022-07-05 09:00:00,26.3333333333333
"1244",2022-07-05 10:00:00,28.2666666666667
"1245",2022-07-05 11:00:00,28.0666666666667
"1246",2022-07-05 12:00:00,28.6666666666667
"1247",2022-07-05 13:00:00,30
"1248",2022-07-05 14:00:00,30.1333333333333
"1249",2022-07-05 15:00:00,29.3333333333333
"1250",2022-07-05 16:00:00,28
"1251",2022-07-05 17:00:00,27.6666666666667
"1252",2022-07-05 18:00:00,26.0666666666667
"1253",2022-07-05 19:00:00,24.7333333333333
"1254",2022-07-05 20:00:00,23
"1255",2022-07-05 21:00:00,20.4
"1256",2022-07-05 22:00:00,18.7333333333333
"1257",2022-07-05 23:00:00,18
"1258",2022-07-06 00:00:00,17.8
"1259",2022-07-06 01:00:00,17.4
"1260",2022-07-06 02:00:00,16.8
"1261",2022-07-06 03:00:00,16.3333333333333
"1262",2022-07-06 04:00:00,16
"1263",2022-07-06 05:00:00,16
"1264",2022-07-06 06:00:00,18.8
"1265",2022-07-06 07:00:00,22.4
"1266",2022-07-06 08:00:00,26.5333333333333
"1267",2022-07-06 09:00:00,30.2
"1268",2022-07-06 10:00:00,31.9333333333333
"1269",2022-07-06 11:00:00,29.8666666666667
"1270",2022-07-06 12:00:00,30.7333333333333
"1271",2022-07-06 13:00:00,25.2
"1272",2022-07-06 14:00:00,25.7142857142857
"1273",2022-07-06 15:00:00,29
"1274",2022-07-06 16:00:00,28
"1275",2022-07-06 17:00:00,26.2
"1276",2022-07-06 18:00:00,26.7333333333333
"1277",2022-07-06 19:00:00,26.0714285714286
"1278",2022-07-06 20:00:00,23
"1279",2022-07-06 21:00:00,19.6
"1280",2022-07-06 22:00:00,17.8666666666667
"1281",2022-07-06 23:00:00,16.1428571428571
"1282",2022-07-07 00:00:00,16
"1283",2022-07-07 01:00:00,16
"1284",2022-07-07 02:00:00,16
"1285",2022-07-07 03:00:00,16.9333333333333
"1286",2022-07-07 04:00:00,16
"1287",2022-07-07 05:00:00,16
"1288",2022-07-07 06:00:00,17.8
"1289",2022-07-07 07:00:00,21.8
"1290",2022-07-07 08:00:00,26.6
"1291",2022-07-07 09:00:00,28
"1292",2022-07-07 10:00:00,31
"1293",2022-07-07 11:00:00,32.9333333333333
"1294",2022-07-07 12:00:00,32.6
"1295",2022-07-07 13:00:00,32
"1296",2022-07-07 14:00:00,30.6
"1297",2022-07-07 15:00:00,30.0666666666667
"1298",2022-07-07 16:00:00,29
"1299",2022-07-07 17:00:00,27.2666666666667
"1300",2022-07-07 18:00:00,23.6
"1301",2022-07-07 19:00:00,22.2
"1302",2022-07-07 20:00:00,21.4
"1303",2022-07-07 21:00:00,18.2352941176471
"1304",2022-07-07 22:00:00,16.0666666666667
"1305",2022-07-07 23:00:00,16
"1306",2022-07-08 00:00:00,16
"1307",2022-07-08 01:00:00,16
"1308",2022-07-08 02:00:00,16
"1309",2022-07-08 03:00:00,16
"1310",2022-07-08 04:00:00,15.8571428571429
"1311",2022-07-08 05:00:00,16
"1312",2022-07-08 06:00:00,16.6
"1313",2022-07-08 07:00:00,20.2352941176471
"1314",2022-07-08 08:00:00,21.4666666666667
"1315",2022-07-08 09:00:00,21.9333333333333
"1316",2022-07-08 10:00:00,21.8125
"1317",2022-07-08 11:00:00,22.6
"1318",2022-07-08 12:00:00,23
"1319",2022-07-08 13:00:00,23.8666666666667
"1320",2022-07-08 14:00:00,23.8666666666667
"1321",2022-07-08 15:00:00,23.8
"1322",2022-07-08 16:00:00,23.4
"1323",2022-07-08 17:00:00,23.6
"1324",2022-07-08 18:00:00,22.5333333333333
"1325",2022-07-08 19:00:00,21.4
"1326",2022-07-08 20:00:00,19.6
"1327",2022-07-08 21:00:00,17.2666666666667
"1328",2022-07-08 22:00:00,16.4
"1329",2022-07-08 23:00:00,18.7142857142857
"1330",2022-07-09 00:00:00,18
"1331",2022-07-09 01:00:00,16.3333333333333
"1332",2022-07-09 02:00:00,16
"1333",2022-07-09 03:00:00,16
"1334",2022-07-09 04:00:00,14.8
"1335",2022-07-09 05:00:00,14.1333333333333
"1336",2022-07-09 06:00:00,16.4
"1337",2022-07-09 07:00:00,17.6666666666667
"1338",2022-07-09 08:00:00,22.8
"1339",2022-07-09 09:00:00,24.2
"1340",2022-07-09 10:00:00,22.9333333333333
"1341",2022-07-09 11:00:00,24
"1342",2022-07-09 12:00:00,23.6923076923077
"1343",2022-07-09 13:00:00,23.9333333333333
"1344",2022-07-09 14:00:00,23.8666666666667
"1345",2022-07-09 15:00:00,23.6
"1346",2022-07-09 16:00:00,23.2
"1347",2022-07-09 17:00:00,22.8
"1348",2022-07-09 18:00:00,21.9333333333333
"1349",2022-07-09 19:00:00,20.7333333333333
"1350",2022-07-09 20:00:00,19
"1351",2022-07-09 21:00:00,16.2142857142857
"1352",2022-07-09 22:00:00,15.8
"1353",2022-07-09 23:00:00,15.0666666666667
"1354",2022-07-10 00:00:00,14.6
"1355",2022-07-10 01:00:00,13.9285714285714
"1356",2022-07-10 02:00:00,14
"1357",2022-07-10 03:00:00,13.4666666666667
"1358",2022-07-10 04:00:00,12.9333333333333
"1359",2022-07-10 05:00:00,12.2857142857143
"1360",2022-07-10 06:00:00,15.2
"1361",2022-07-10 07:00:00,18.2666666666667
"1362",2022-07-10 08:00:00,22.3333333333333
"1363",2022-07-10 09:00:00,25.8
"1364",2022-07-10 10:00:00,27.5
"1365",2022-07-10 11:00:00,28.1428571428571
"1366",2022-07-10 12:00:00,29
"1367",2022-07-10 14:00:00,30
"1368",2022-07-10 15:00:00,29.3333333333333
"1369",2022-07-10 16:00:00,29.8
"1370",2022-07-10 17:00:00,28.6153846153846
"1371",2022-07-10 18:00:00,26.5
"1372",2022-07-10 19:00:00,24.5333333333333
"1373",2022-07-10 20:00:00,21.5333333333333
"1374",2022-07-10 21:00:00,18.4666666666667
"1375",2022-07-10 22:00:00,16.2
"1376",2022-07-10 23:00:00,16
"1377",2022-07-11 00:00:00,15.2666666666667
"1378",2022-07-11 01:00:00,15
"1379",2022-07-11 02:00:00,14.1333333333333
"1380",2022-07-11 03:00:00,14
"1381",2022-07-11 04:00:00,13.2666666666667
"1382",2022-07-11 05:00:00,14.0666666666667
"1383",2022-07-11 06:00:00,16
"1384",2022-07-11 07:00:00,18.5
"1385",2022-07-11 12:00:00,29
"1386",2022-07-11 13:00:00,29
"1387",2022-07-11 14:00:00,28.7333333333333
"1388",2022-07-11 15:00:00,27.6666666666667
"1389",2022-07-11 16:00:00,27.8
"1390",2022-07-11 17:00:00,26.4
"1391",2022-07-11 18:00:00,25.0666666666667
"1392",2022-07-11 19:00:00,22.6
"1393",2022-07-11 20:00:00,20.9333333333333
"1394",2022-07-11 21:00:00,18.6
"1395",2022-07-11 22:00:00,17.8
"1396",2022-07-11 23:00:00,16.2
"1397",2022-07-12 00:00:00,16
"1398",2022-07-12 01:00:00,16
"1399",2022-07-12 02:00:00,16
"1400",2022-07-12 03:00:00,16
"1401",2022-07-12 04:00:00,16.2
"1402",2022-07-12 05:00:00,16
"1403",2022-07-12 06:00:00,16
"1404",2022-07-12 07:00:00,18.2
"1405",2022-07-12 08:00:00,21.6666666666667
"1406",2022-07-12 09:00:00,25.2
"1407",2022-07-12 10:00:00,27.3333333333333
"1408",2022-07-12 11:00:00,27.6666666666667
"1409",2022-07-12 12:00:00,26.2
"1410",2022-07-12 13:00:00,23.3571428571429
"1411",2022-07-12 14:00:00,19.6
"1412",2022-07-12 15:00:00,22
"1413",2022-07-12 16:00:00,23.8
"1414",2022-07-12 17:00:00,24.2
"1415",2022-07-12 18:00:00,22.8666666666667
"1416",2022-07-12 19:00:00,21.3333333333333
"1417",2022-07-12 20:00:00,20
"1418",2022-07-12 21:00:00,18.4666666666667
"1419",2022-07-12 22:00:00,16.9333333333333
"1420",2022-07-12 23:00:00,16
"1421",2022-07-13 00:00:00,16
"1422",2022-07-13 01:00:00,15
"1423",2022-07-13 02:00:00,14.3333333333333
"1424",2022-07-13 03:00:00,14
"1425",2022-07-13 04:00:00,14
"1426",2022-07-13 08:00:00,25.4285714285714
"1427",2022-07-13 09:00:00,26.6
"1428",2022-07-13 10:00:00,28.6
"1429",2022-07-13 11:00:00,29.7692307692308
"1430",2022-07-13 12:00:00,30
"1431",2022-07-13 15:00:00,27.75
"1432",2022-07-13 16:00:00,27.5333333333333
"1433",2022-07-13 17:00:00,27.0714285714286
"1434",2022-07-13 18:00:00,25.6
"1435",2022-07-13 19:00:00,24.4
"1436",2022-07-13 20:00:00,20.7333333333333
"1437",2022-07-13 21:00:00,16.6666666666667
"1438",2022-07-13 22:00:00,15.8666666666667
"1439",2022-07-13 23:00:00,14.5333333333333
"1440",2022-07-14 00:00:00,13.5333333333333
"1441",2022-07-14 01:00:00,12.8666666666667
"1442",2022-07-14 02:00:00,12
"1443",2022-07-14 03:00:00,11.6666666666667
"1444",2022-07-14 04:00:00,11.1666666666667
"1445",2022-07-14 08:00:00,26.5
"1446",2022-07-14 09:00:00,29.0769230769231
"1447",2022-07-14 10:00:00,31.5
"1448",2022-07-14 17:00:00,29
"1449",2022-07-14 18:00:00,27.75
"1450",2022-07-14 19:00:00,25.7333333333333
"1451",2022-07-14 20:00:00,22.3333333333333
"1452",2022-07-14 21:00:00,18.6
"1453",2022-07-14 22:00:00,16.5333333333333
"1454",2022-07-14 23:00:00,16
"1455",2022-07-15 00:00:00,15.4666666666667
"1456",2022-07-15 01:00:00,15.3333333333333
"1457",2022-07-15 02:00:00,15.6
"1458",2022-07-15 03:00:00,15
"1459",2022-07-15 08:00:00,29
"1460",2022-07-15 09:00:00,30.4
"1461",2022-07-15 15:00:00,33
"1462",2022-07-15 18:00:00,28
"1463",2022-07-15 19:00:00,27
"1464",2022-07-15 20:00:00,23.5333333333333
"1465",2022-07-15 21:00:00,19.8
"1466",2022-07-15 22:00:00,18
"1467",2022-07-15 23:00:00,17.0714285714286
"1468",2022-07-16 00:00:00,16.9333333333333
"1469",2022-07-16 01:00:00,17
"1470",2022-07-16 08:00:00,28
"1471",2022-07-16 09:00:00,29.8
"1472",2022-07-16 10:00:00,31
"1473",2022-07-16 17:00:00,31
"1474",2022-07-16 18:00:00,31
"1475",2022-07-16 19:00:00,27.3333333333333
"1476",2022-07-16 20:00:00,24.2
"1477",2022-07-16 21:00:00,21
"1478",2022-07-16 22:00:00,19.9333333333333
"1479",2022-07-16 23:00:00,18.4
"1480",2022-07-17 00:00:00,18
"1481",2022-07-17 01:00:00,18
"1482",2022-07-18 19:00:00,26
"1483",2022-07-18 20:00:00,21
"1484",2022-07-18 21:00:00,18
"1485",2022-07-18 22:00:00,17
"1486",2022-07-18 23:00:00,16
"1487",2022-07-19 00:00:00,16
"1488",2022-07-19 01:00:00,16
"1489",2022-07-19 02:00:00,16
"1490",2022-07-19 03:00:00,16
"1491",2022-07-19 04:00:00,16
"1492",2022-07-19 05:00:00,15
"1493",2022-07-19 06:00:00,18
"1494",2022-07-19 07:00:00,22
"1495",2022-07-19 08:00:00,26
"1496",2022-07-19 09:00:00,26
"1497",2022-07-19 10:00:00,30
"1498",2022-07-19 11:00:00,28.6666666666667
"1499",2022-07-19 12:00:00,32
"1500",2022-07-19 13:00:00,31.6666666666667
"1501",2022-07-19 14:00:00,31
"1502",2022-07-19 15:00:00,30.6666666666667
"1503",2022-07-19 17:00:00,28
"1504",2022-07-19 18:00:00,27
"1505",2022-07-19 19:00:00,25
"1506",2022-07-19 20:00:00,20
"1507",2022-07-19 21:00:00,16.6666666666667
"1508",2022-07-20 01:00:00,14
"1509",2022-07-20 02:00:00,14
"1510",2022-07-20 03:00:00,13.6666666666667
"1511",2022-07-20 04:00:00,13.6666666666667
"1512",2022-07-20 05:00:00,13
"1513",2022-07-20 06:00:00,17
"1514",2022-07-20 07:00:00,22
"1515",2022-07-20 08:00:00,26
"1516",2022-07-20 09:00:00,31
"1517",2022-07-20 10:00:00,33
"1518",2022-07-20 18:00:00,29
"1519",2022-07-20 19:00:00,26
"1520",2022-07-20 20:00:00,22
"1521",2022-07-20 21:00:00,19
"1522",2022-07-20 22:00:00,17
"1523",2022-07-20 23:00:00,16
"1524",2022-07-21 00:00:00,16
"1525",2022-07-21 01:00:00,16
"1526",2022-07-21 02:00:00,16
"1527",2022-07-21 03:00:00,15
"1528",2022-07-21 04:00:00,14.6666666666667
"1529",2022-07-21 05:00:00,14
"1530",2022-07-21 10:00:00,34
"1531",2022-07-21 18:00:00,28.6666666666667
"1532",2022-07-21 19:00:00,26
"1533",2022-07-21 20:00:00,22.6666666666667
"1534",2022-07-21 21:00:00,20
"1535",2022-07-21 22:00:00,18
"1536",2022-07-21 23:00:00,17.6666666666667
"1537",2022-07-22 00:00:00,16.6666666666667
"1538",2022-07-22 01:00:00,16
"1539",2022-07-22 02:00:00,16
"1540",2022-07-22 06:00:00,16
"1541",2022-07-22 09:00:00,32
"1542",2022-07-22 18:00:00,29
"1543",2022-07-22 19:00:00,27
"1544",2022-07-22 20:00:00,22
"1545",2022-07-22 21:00:00,20
"1546",2022-07-22 22:00:00,18
"1547",2022-07-22 23:00:00,17
"1548",2022-07-23 00:00:00,18
"1549",2022-07-23 01:00:00,18
"1550",2022-07-23 02:00:00,16
"1551",2022-07-23 03:00:00,16
"1552",2022-07-23 04:00:00,16
"1553",2022-07-23 17:00:00,30
"1554",2022-07-23 18:00:00,29.6666666666667
"1555",2022-07-23 19:00:00,28.3333333333333
"1556",2022-07-23 20:00:00,27
"1557",2022-07-23 21:00:00,23
"1558",2022-07-23 22:00:00,22
"1559",2022-07-23 23:00:00,20
"1560",2022-07-24 00:00:00,20
"1561",2022-07-24 01:00:00,19
"1562",2022-07-24 02:00:00,18
"1563",2022-07-24 03:00:00,17
"1564",2022-07-24 04:00:00,17
"1565",2022-07-24 05:00:00,16.4444444444444
"1566",2022-07-24 06:00:00,17
"1567",2022-07-24 07:00:00,22.25
"1568",2022-07-24 08:00:00,27
"1569",2022-07-24 10:00:00,31
"1570",2022-07-24 11:00:00,31
"1571",2022-07-24 12:00:00,32
"1572",2022-07-24 13:00:00,31.6666666666667
"1573",2022-07-24 14:00:00,30.5
"1574",2022-07-24 15:00:00,31.6666666666667
"1575",2022-07-24 16:00:00,31.5
"1576",2022-07-24 17:00:00,30
"1577",2022-07-24 18:00:00,29
"1578",2022-07-24 20:00:00,23
"1579",2022-07-24 21:00:00,21
"1580",2022-07-24 22:00:00,20
"1581",2022-07-24 23:00:00,19
"1582",2022-07-25 00:00:00,19
"1583",2022-07-25 01:00:00,19
"1584",2022-07-25 02:00:00,19
"1585",2022-07-25 03:00:00,19.3333333333333
"1586",2022-07-25 04:00:00,20
"1587",2022-07-25 05:00:00,19.4
"1588",2022-07-25 06:00:00,19
"1589",2022-07-25 07:00:00,22.6
"1590",2022-07-25 09:00:00,31
"1591",2022-07-25 10:00:00,33
"1592",2022-07-25 11:00:00,34
"1593",2022-07-25 20:00:00,25
"1594",2022-07-25 21:00:00,22
"1595",2022-07-26 00:00:00,21
"1596",2022-07-26 01:00:00,19
"1597",2022-07-26 02:00:00,19.5
"1598",2022-07-26 03:00:00,19
"1599",2022-07-26 04:00:00,19
"1600",2022-07-26 06:00:00,18.5
"1601",2022-07-26 07:00:00,23
"1602",2022-07-27 09:00:00,26
"1603",2022-07-27 10:00:00,28
"1604",2022-07-27 11:00:00,29
"1605",2022-07-27 12:00:00,26.3333333333333
"1606",2022-07-27 13:00:00,21.6666666666667
"1607",2022-07-27 14:00:00,16
"1608",2022-07-27 15:00:00,16
"1609",2022-07-27 16:00:00,18
"1610",2022-07-27 17:00:00,18
"1611",2022-07-27 21:00:00,22.75
"1612",2022-07-28 08:00:00,24
"1613",2022-07-28 09:00:00,25.8
"1614",2022-07-28 21:00:00,20
"1615",2022-07-28 22:00:00,20
"1616",2022-07-28 23:00:00,18.6666666666667
"1617",2022-07-29 00:00:00,18
"1618",2022-07-29 01:00:00,18
"1619",2022-07-29 02:00:00,18
"1620",2022-07-29 03:00:00,18
"1621",2022-07-29 04:00:00,17.6666666666667
"1622",2022-07-29 05:00:00,17
"1623",2022-07-29 06:00:00,17
"1624",2022-07-29 07:00:00,20
"1625",2022-07-29 08:00:00,23
"1626",2022-07-30 14:00:00,23
"1627",2022-07-30 17:00:00,26
"1628",2022-07-30 18:00:00,26
"1629",2022-07-30 19:00:00,23
"1630",2022-07-31 02:00:00,17
"1631",2022-07-31 03:00:00,16
"1632",2022-07-31 04:00:00,16
"1633",2022-07-31 05:00:00,16
"1634",2022-07-31 07:00:00,18
"1635",2022-07-31 08:00:00,22
"1636",2022-07-31 18:00:00,28
"1637",2022-07-31 20:00:00,23
"1638",2022-08-08 10:00:00,26
"1639",2022-08-08 15:00:00,24
"1640",2022-08-16 04:00:00,19
"1641",2022-08-16 19:00:00,23
"1642",2022-08-16 20:00:00,22
"1643",2022-08-18 08:00:00,22
"1644",2022-08-19 18:00:00,18
"1645",2022-08-19 19:00:00,18
